<?xml version="1.0" encoding="UTF-8"?>
<project-private xmlns="http://www.netbeans.org/ns/project-private/1">
    <editor-bookmarks xmlns="http://www.netbeans.org/ns/editor-bookmarks/1"/>
    <editor-bookmarks xmlns="http://www.netbeans.org/ns/editor-bookmarks/2" lastBookmarkId="0"/>
    <open-files xmlns="http://www.netbeans.org/ns/projectui-open-files/2">
        <group>
            <file>file:/C:/xampp/htdocs/hms/application/views/admin/dash.php</file>
            <file>file:/C:/xampp/htdocs/hms/index.php</file>
            <file>file:/C:/xampp/htdocs/hms/application/controllers/home.php</file>
            <file>file:/C:/xampp/htdocs/hms/site/elements.html</file>
            <file>file:/C:/xampp/htdocs/hms/application/views/index.html</file>
            <file>file:/C:/xampp/htdocs/hms/application/views/admin/wysiwyg/nicinit.php</file>
            <file>file:/C:/xampp/htdocs/hms/README.md</file>
            <file>file:/C:/xampp/htdocs/hms/site/index.html</file>
        </group>
    </open-files>
</project-private>
